{
  "openapi" : "3.0.1",
  "info" : {
    "title" : "TractorSupply Gateway",
    "version" : "2020-06-15T17:48:35Z"
  },
  "servers" : [ {
    "url" : "https://ozryoelia2.execute-api.us-east-1.amazonaws.com/{basePath}",
    "variables" : {
      "basePath" : {
        "default" : "/prod"
      }
    }
  } ],
  "paths" : {
    "/tractorsupply/servicenow/cmdb-load" : {
      "post" : {
        "responses" : {
          "200" : {
            "description" : "200 response",
            "content" : {
              "application/json" : {
                "schema" : {
                  "$ref" : "#/components/schemas/Empty"
                }
              }
            }
          }
        }
      }
    },
    "/tractorsupply/dynatrace" : {
      "post" : {
        "responses" : {
          "200" : {
            "description" : "200 response",
            "content" : {
              "application/json" : {
                "schema" : {
                  "$ref" : "#/components/schemas/Empty"
                }
              }
            }
          }
        }
      }
    },
    "/tractorsupply/mpos-data" : {
      "post" : {
        "responses" : {
          "200" : {
            "description" : "200 response",
            "content" : {
              "application/json" : {
                "schema" : {
                  "$ref" : "#/components/schemas/Empty"
                }
              }
            }
          }
        }
      }
    },
    "/tractorsupply/servicenow" : {
      "post" : {
        "responses" : {
          "200" : {
            "description" : "200 response",
            "content" : {
              "application/json" : {
                "schema" : {
                  "$ref" : "#/components/schemas/Empty"
                }
              }
            }
          }
        },
        "security" : [ {
          "api_key" : [ ]
        } ]
      }
    },
    "/tractorsupply/servicenow/queue-event" : {
      "post" : {
        "responses" : {
          "200" : {
            "description" : "200 response",
            "content" : {
              "application/json" : {
                "schema" : {
                  "$ref" : "#/components/schemas/Empty"
                }
              }
            }
          }
        },
        "security" : [ {
          "api_key" : [ ]
        } ]
      }
    }
  },
  "components" : {
    "schemas" : {
      "Empty" : {
        "title" : "Empty Schema",
        "type" : "object"
      }
    },
    "securitySchemes" : {
      "api_key" : {
        "type" : "apiKey",
        "name" : "x-api-key",
        "in" : "header"
      }
    }
  }
}